time,x,y,z,gforce
0.0120,-0.0636,0.0315,1.0423,1.045
0.0130,-0.0632,0.0266,1.0374,1.040
0.0140,-0.0612,0.0334,1.0257,1.028
0.0140,-0.0524,0.0359,1.0199,1.022
0.0150,-0.0514,0.0339,1.0213,1.023
0.0150,-0.0387,0.0305,1.0018,1.003
0.0160,-0.0299,0.0334,1.0106,1.012
0.0210,-0.0285,0.0305,1.0111,1.012
0.0220,-0.0241,0.0295,1.0003,1.001
0.0310,-0.0202,0.0305,1.0003,1.001
0.0320,-0.0221,0.0344,0.9964,0.997
0.0370,-0.0270,0.0315,0.9949,0.996
0.0410,-0.0226,0.0310,0.9925,0.993
0.0440,-0.0275,0.0300,0.9886,0.989
0.0480,-0.0270,0.0349,0.9881,0.989
0.0530,-0.0314,0.0363,0.9700,0.971
0.0570,-0.0314,0.0373,0.9769,0.978
0.0620,-0.0265,0.0451,0.9705,0.972
0.0660,-0.0324,0.0393,0.9695,0.971
0.0710,-0.0289,0.0359,0.9749,0.976
0.0750,-0.0280,0.0383,0.9705,0.972
0.0790,-0.0309,0.0422,0.9661,0.968
0.0840,-0.0246,0.0398,0.9627,0.964
0.0900,-0.0270,0.0422,0.9681,0.969
0.0930,-0.0211,0.0451,0.9558,0.957
0.0970,-0.0285,0.0373,0.9612,0.962
0.1030,-0.0250,0.0373,0.9563,0.957
0.1170,-0.0289,0.0398,0.9612,0.962
0.1180,-0.0363,0.0466,0.9558,0.958
0.1200,-0.0324,0.0500,0.9568,0.959
0.1210,-0.0343,0.0354,0.9490,0.950
0.1240,-0.0338,0.0437,0.9466,0.948
0.1360,-0.0260,0.0383,0.9573,0.958
0.1370,-0.0275,0.0412,0.9583,0.960
0.1380,-0.0192,0.0456,0.9637,0.965
0.1670,-0.0231,0.0402,0.9598,0.961
0.1720,-0.0231,0.0407,0.9519,0.953
0.1720,-0.0153,0.0310,0.9666,0.967
0.1730,-0.0104,0.0329,0.9588,0.959
0.1750,-0.0118,0.0290,0.9666,0.967
0.1760,-0.0084,0.0388,0.9607,0.962
0.1770,-0.0045,0.0310,0.9754,0.976
0.1770,-0.0070,0.0363,0.9739,0.975
0.1780,-0.0109,0.0339,0.9827,0.983
0.1850,-0.0143,0.0300,0.9803,0.981
0.1850,-0.0148,0.0300,1.0028,1.003
0.1910,-0.0118,0.0324,1.0028,1.003
0.1930,-0.0123,0.0388,1.0120,1.013
0.1970,-0.0143,0.0295,1.0194,1.020
0.2040,-0.0162,0.0300,1.0296,1.030
0.2060,-0.0192,0.0261,1.0257,1.026
0.2110,-0.0299,0.0310,1.0287,1.030
0.2140,-0.0348,0.0359,1.0267,1.028
0.2200,-0.0348,0.0422,1.0208,1.022
0.2230,-0.0377,0.0417,1.0164,1.018
0.2270,-0.0417,0.0398,1.0067,1.008
0.2330,-0.0368,0.0378,1.0037,1.005
0.2360,-0.0358,0.0393,1.0135,1.015
0.2410,-0.0304,0.0412,0.9974,0.999
0.2450,-0.0275,0.0432,1.0052,1.006
0.2500,-0.0275,0.0383,0.9905,0.992
0.2610,-0.0250,0.0383,0.9896,0.991
0.2620,-0.0226,0.0432,0.9788,0.980
0.2630,-0.0265,0.0383,0.9769,0.978
0.2680,-0.0226,0.0407,0.9783,0.979
0.2750,-0.0216,0.0437,0.9813,0.982
0.2780,-0.0182,0.0476,0.9710,0.972
0.2820,-0.0202,0.0461,0.9710,0.972
0.2890,-0.0236,0.0486,0.9666,0.968
0.2910,-0.0285,0.0486,0.9676,0.969
0.2930,-0.0309,0.0564,0.9715,0.974
0.2980,-0.0417,0.0486,0.9558,0.958
0.3020,-0.0431,0.0573,0.9593,0.962
0.3060,-0.0446,0.0598,0.9681,0.971
0.3110,-0.0363,0.0554,0.9583,0.961
0.3150,-0.0417,0.0559,0.9578,0.960
0.3190,-0.0397,0.0578,0.9607,0.963
0.3230,-0.0343,0.0588,0.9583,0.961
0.3280,-0.0353,0.0539,0.9700,0.972
0.3350,-0.0343,0.0578,0.9681,0.970
0.3370,-0.0363,0.0530,0.9632,0.965
0.3420,-0.0358,0.0520,0.9622,0.964
0.3460,-0.0353,0.0481,0.9651,0.967
0.3550,-0.0255,0.0495,0.9671,0.969
0.3560,-0.0202,0.0510,0.9715,0.973
0.3600,-0.0172,0.0525,0.9788,0.980
0.3640,-0.0123,0.0539,0.9842,0.986
0.3820,-0.0089,0.0471,0.9803,0.981
0.3850,-0.0114,0.0510,0.9798,0.981
0.3860,-0.0070,0.0432,0.9871,0.988
0.3870,-0.0148,0.0456,0.9847,0.986
0.3890,-0.0065,0.0437,0.9827,0.984
0.3900,-0.0070,0.0402,0.9827,0.984
0.3950,-0.0104,0.0412,0.9842,0.985
0.3980,-0.0148,0.0446,0.9837,0.985
0.4130,-0.0153,0.0471,0.9852,0.986
0.4150,-0.0187,0.0490,0.9739,0.975
0.4160,-0.0280,0.0505,0.9749,0.977
0.4160,-0.0280,0.0500,0.9690,0.971
0.4470,-0.0294,0.0495,0.9729,0.975
0.4620,-0.0348,0.0495,0.9593,0.961
0.4630,-0.0392,0.0569,0.9539,0.956
0.4630,-0.0412,0.0573,0.9568,0.959
0.4640,-0.0451,0.0554,0.9529,0.956
0.4640,-0.0905,0.0510,0.9720,0.978
0.4650,-0.1228,0.0564,0.9954,1.005
0.4650,-0.1179,0.0632,1.0199,1.029
0.4660,-0.0959,0.0666,1.0487,1.055
0.4660,-0.0568,0.0686,1.0565,1.060
0.4670,-0.0192,0.0534,1.0536,1.055
0.4680,-0.0016,0.0500,1.0404,1.042
0.4730,0.0062,0.0393,1.0272,1.028
0.4760,0.0053,0.0329,1.0018,1.002
0.4880,-0.0055,0.0305,1.0057,1.006
0.4890,-0.0133,0.0266,0.9974,0.998
0.4890,-0.0143,0.0231,0.9808,0.981
0.4940,-0.0260,0.0256,0.9827,0.983
0.4990,-0.0275,0.0329,0.9725,0.973
0.5030,-0.0329,0.0378,0.9681,0.969
0.5070,-0.0353,0.0427,0.9798,0.981
0.5110,-0.0358,0.0500,0.9686,0.971
0.5160,-0.0329,0.0412,0.9764,0.978
0.5200,-0.0304,0.0417,0.9896,0.991
0.5250,-0.0255,0.0412,1.0003,1.001
0.5290,-0.0158,0.0373,1.0037,1.005
0.5390,-0.0011,0.0256,1.0047,1.005
0.5400,0.0018,0.0310,1.0062,1.007
0.5420,0.0092,0.0339,0.9949,0.996
0.5470,0.0116,0.0319,0.9773,0.978
0.5540,0.0224,0.0280,0.9749,0.976
0.5550,0.0204,0.0310,0.9627,0.963
0.5610,0.0184,0.0383,0.9598,0.961
0.5700,0.0101,0.0417,0.9485,0.949
0.5710,-0.0040,0.0451,0.9500,0.951
0.5730,-0.0241,0.0471,0.9461,0.948
0.5800,-0.0363,0.0525,0.9461,0.948
0.5810,-0.0441,0.0617,0.9539,0.957
0.5860,-0.0495,0.0676,0.9475,0.951
0.5900,-0.0456,0.0661,0.9431,0.947
0.5950,-0.0461,0.0661,0.9417,0.945
0.6050,-0.0329,0.0632,0.9309,0.934
0.6060,-0.0314,0.0671,0.9319,0.935
0.6070,-0.0226,0.0622,0.9353,0.938
0.6160,-0.0211,0.0637,0.9280,0.930
0.6180,-0.0236,0.0583,0.9363,0.938
0.6210,-0.0250,0.0539,0.9329,0.935
0.6250,-0.0309,0.0525,0.9471,0.949
0.6400,-0.0255,0.0593,0.9446,0.947
0.6440,-0.0216,0.0544,0.9583,0.960
0.6440,-0.0079,0.0544,0.9661,0.968
0.6450,-0.0011,0.0564,0.9803,0.982
0.6830,0.0013,0.0471,0.9705,0.972
0.6840,-0.0026,0.0510,0.9759,0.977
0.6860,-0.0001,0.0525,0.9798,0.981
0.6870,0.0004,0.0544,0.9788,0.980
0.6880,-0.0035,0.0500,0.9842,0.985
0.6890,-0.0026,0.0481,0.9769,0.978
0.6920,0.0018,0.0417,0.9808,0.982
0.6930,-0.0065,0.0300,0.9837,0.984
0.6940,-0.0123,0.0344,0.9930,0.994
0.6950,-0.0153,0.0388,0.9861,0.987
0.6950,-0.0133,0.0383,0.9886,0.989
0.6960,-0.0202,0.0393,0.9871,0.988
0.7040,-0.0172,0.0300,0.9964,0.997
0.7050,-0.0114,0.0222,0.9886,0.989
0.7080,-0.0104,0.0148,0.9759,0.976
0.7140,-0.0026,0.0163,0.9944,0.995
0.7170,0.0028,0.0163,0.9930,0.993
0.7210,0.0145,0.0168,0.9940,0.994
0.7270,0.0155,0.0114,0.9915,0.992
0.7300,0.0219,0.0144,0.9881,0.988
0.7350,0.0228,0.0207,0.9857,0.986
0.7380,0.0238,0.0163,0.9813,0.982
0.7440,0.0180,0.0271,0.9788,0.979
0.7480,0.0043,0.0222,0.9729,0.973
0.7520,-0.0079,0.0197,0.9769,0.977
0.7570,-0.0065,0.0168,0.9622,0.962
0.7710,-0.0133,0.0104,0.9642,0.964
0.7740,-0.0216,0.0139,0.9534,0.954
0.7750,-0.0246,0.0168,0.9412,0.942
0.7760,-0.0236,0.0163,0.9334,0.934
0.8050,-0.0187,0.0183,0.9324,0.933
0.8070,-0.0153,0.0173,0.9407,0.941
0.8070,-0.0035,0.0192,0.9363,0.937
0.8080,-0.0065,0.0227,0.9397,0.940
0.8090,-0.0099,0.0339,0.9549,0.956
0.8090,-0.0089,0.0373,0.9593,0.960
0.8100,-0.0133,0.0310,0.9817,0.982
0.8120,-0.0182,0.0319,1.0008,1.001
0.8130,-0.0211,0.0266,1.0120,1.013
0.8180,-0.0182,0.0222,1.0257,1.026
0.8220,-0.0153,0.0227,1.0321,1.032
0.8270,-0.0172,0.0104,1.0247,1.025
0.8310,-0.0172,0.0090,1.0287,1.029
0.8350,-0.0236,0.0070,1.0208,1.021
0.8400,-0.0231,0.0090,1.0203,1.021
0.8450,-0.0231,0.0026,1.0032,1.004
0.8490,-0.0167,0.0065,0.9832,0.983
0.8530,-0.0094,0.0139,0.9813,0.981
0.8570,-0.0060,0.0046,0.9720,0.972
0.8660,-0.0021,0.0183,0.9690,0.969
0.8670,-0.0050,0.0212,0.9612,0.961
0.8710,-0.0094,0.0178,0.9568,0.957
0.8830,-0.0075,0.0119,0.9607,0.961
0.8840,-0.0109,0.0046,0.9593,0.959
0.8850,-0.0031,-0.0008,0.9642,0.964
0.8880,0.0082,0.0021,0.9598,0.960
0.8930,0.0038,-0.0018,0.9764,0.976
0.8960,0.0067,0.0036,0.9769,0.977
0.9010,0.0106,0.0056,0.9861,0.986
0.9050,0.0355,0.0144,0.9900,0.991
0.9230,0.0370,0.0085,1.0096,1.010
0.9250,0.0184,0.0065,1.0189,1.019
0.9270,0.0101,0.0080,1.0262,1.026
0.9280,-0.0026,0.0051,1.0208,1.021
0.9280,-0.0109,0.0007,1.0203,1.020
0.9310,-0.0216,0.0046,1.0199,1.020
0.9350,-0.0324,0.0085,1.0135,1.014
0.9420,-0.0324,0.0144,1.0101,1.011
0.9440,-0.0250,0.0217,1.0081,1.009
0.9480,-0.0182,0.0139,0.9944,0.995
0.9530,-0.0109,0.0021,0.9925,0.993
0.9580,0.0038,-0.0062,1.0013,1.001
0.9620,0.0136,-0.0125,1.0003,1.000
0.9660,0.0248,-0.0140,0.9964,0.997
0.9700,0.0292,-0.0140,1.0047,1.005
0.9750,0.0219,-0.0184,1.0072,1.008
0.9790,0.0082,-0.0164,1.0057,1.006
0.9840,0.0072,-0.0189,0.9998,1.000
0.9970,0.0096,-0.0164,1.0096,1.010
0.9980,0.0072,-0.0150,1.0159,1.016
1.0000,-0.0011,-0.0086,1.0169,1.017
1.0020,-0.0035,-0.0081,1.0086,1.009
1.0270,-0.0040,-0.0052,0.9930,0.993
1.0310,-0.0075,-0.0067,0.9886,0.989
1.0320,-0.0118,-0.0071,0.9808,0.981
1.0330,-0.0148,-0.0013,0.9739,0.974
1.0330,-0.0118,-0.0008,0.9822,0.982
1.0360,-0.0104,0.0153,0.9715,0.972
1.0370,-0.0162,0.0207,0.9642,0.965
1.0370,-0.0280,0.0285,0.9549,0.956
1.0410,-0.0358,0.0295,0.9622,0.963
1.0450,-0.0338,0.0251,0.9558,0.957
1.0490,-0.0285,0.0178,0.9725,0.973
1.0570,-0.0162,0.0148,0.9842,0.984
1.0580,-0.0162,0.0090,0.9940,0.994
1.0620,-0.0172,0.0090,1.0096,1.010
1.0670,-0.0167,0.0036,1.0145,1.015
1.0720,-0.0143,0.0026,1.0243,1.024
1.0750,-0.0133,0.0060,1.0106,1.011
1.0790,-0.0167,0.0075,1.0199,1.020
1.0840,-0.0221,0.0060,1.0199,1.020
1.0900,-0.0309,0.0036,1.0072,1.008
1.0930,-0.0270,0.0065,1.0076,1.008
1.0970,-0.0216,0.0051,0.9964,0.997
1.1020,-0.0211,0.0090,0.9759,0.976
1.1130,-0.0211,0.0114,0.9627,0.963
1.1150,-0.0255,0.0153,0.9485,0.949
1.1150,-0.0294,0.0192,0.9304,0.931
1.1210,-0.0265,0.0222,0.9148,0.915
1.1420,-0.0289,0.0192,0.9011,0.902
1.1440,-0.0294,0.0202,0.9128,0.914
1.1440,-0.0402,0.0227,0.9172,0.918
1.1450,-0.0563,0.0275,0.9153,0.917
1.1460,-0.0661,0.0329,0.9172,0.920
1.1460,-0.0671,0.0359,0.9163,0.919
1.1540,-0.0661,0.0315,0.9339,0.937
1.1580,-0.0465,0.0266,0.9549,0.956
1.1590,-0.0285,0.0158,0.9822,0.983
1.1630,-0.0065,0.0031,0.9998,1.000
1.1670,0.0087,-0.0037,1.0081,1.008
1.1720,0.0228,-0.0091,1.0247,1.025
1.1750,0.0145,-0.0125,1.0418,1.042
1.1800,0.0111,-0.0081,1.0443,1.044
1.1850,-0.0045,-0.0067,1.0575,1.058
1.1890,-0.0167,-0.0027,1.0521,1.052
1.1930,-0.0153,-0.0067,1.0477,1.048
1.1970,-0.0065,0.0002,1.0497,1.050
1.2030,0.0013,-0.0018,1.0384,1.038
1.2070,0.0170,-0.0047,1.0282,1.028
1.2100,0.0243,-0.0032,1.0150,1.015
1.2160,0.0316,-0.0047,1.0101,1.011
1.2240,0.0272,0.0002,1.0106,1.011
1.2260,0.0199,-0.0027,0.9891,0.989
1.2280,0.0092,-0.0071,0.9822,0.982
1.2330,-0.0026,-0.0023,0.9861,0.986
1.2430,-0.0138,0.0046,0.9720,0.972
1.2440,-0.0270,0.0090,0.9612,0.962
1.2450,-0.0363,0.0129,0.9500,0.951
1.2650,-0.0377,0.0183,0.9422,0.943
1.2660,-0.0407,0.0202,0.9378,0.939
1.2670,-0.0382,0.0148,0.9231,0.924
1.2680,-0.0285,0.0158,0.9285,0.929
1.2680,-0.0363,0.0119,0.9358,0.937
1.2710,-0.0436,0.0192,0.9554,0.957
1.2760,-0.0519,0.0080,0.9578,0.959
1.2810,-0.0695,0.0109,0.9666,0.969
1.2870,-0.0573,0.0075,0.9881,0.990
1.2890,-0.0573,0.0085,0.9905,0.992
1.2930,-0.0402,0.0046,1.0042,1.005
1.3030,-0.0246,-0.0023,1.0135,1.014
1.3040,-0.0123,0.0046,1.0159,1.016
1.3070,-0.0123,0.0080,1.0032,1.003
1.3110,-0.0143,0.0016,0.9998,1.000
1.3150,-0.0133,0.0075,0.9920,0.992
1.3210,-0.0001,0.0134,0.9739,0.974
1.3240,0.0155,0.0046,0.9764,0.977
1.3280,0.0214,0.0046,0.9769,0.977
1.3340,0.0111,-0.0047,0.9803,0.980
1.3370,-0.0050,-0.0101,0.9813,0.981
1.3420,-0.0153,-0.0013,0.9769,0.977
1.3460,-0.0226,-0.0052,0.9778,0.978
1.3540,-0.0089,0.0007,0.9876,0.988
1.3570,0.0013,-0.0047,0.9813,0.981
1.3610,0.0009,-0.0057,0.9900,0.990
1.3630,-0.0035,-0.0023,0.9847,0.985
1.3730,-0.0123,-0.0013,0.9935,0.994
1.3740,-0.0324,0.0046,1.0013,1.002
1.3770,-0.0397,0.0100,1.0150,1.016
1.3820,-0.0451,0.0060,1.0223,1.023
1.3850,-0.0641,0.0046,1.0414,1.043
1.3890,-0.0436,0.0041,1.0379,1.039
1.3950,-0.0373,0.0031,1.0155,1.016
1.3990,-0.0402,-0.0027,1.0067,1.007
1.4030,-0.0363,-0.0037,1.0194,1.020
1.4070,-0.0304,-0.0047,0.9964,0.997
1.4130,-0.0246,-0.0032,0.9813,0.982
1.4160,-0.0040,-0.0071,0.9573,0.957
1.4210,-0.0055,-0.0101,0.9671,0.967
1.4250,0.0023,-0.0027,0.9632,0.963
1.4290,0.0116,-0.0071,0.9593,0.959
1.4360,0.0043,-0.0135,0.9646,0.965
1.4380,0.0013,-0.0159,0.9578,0.958
1.4430,-0.0094,-0.0115,0.9402,0.940
1.4500,-0.0202,-0.0145,0.9544,0.955
1.4520,-0.0143,0.0026,0.9485,0.949
1.4560,-0.0246,0.0041,0.9646,0.965
1.4600,-0.0177,0.0031,0.9519,0.952
1.4670,-0.0246,0.0080,0.9632,0.964
1.4700,-0.0285,-0.0032,0.9656,0.966
1.4730,-0.0172,-0.0013,0.9793,0.979
1.4820,-0.0236,-0.0013,0.9827,0.983
1.4830,-0.0143,0.0016,0.9925,0.993
1.4870,-0.0187,0.0021,0.9959,0.996
1.4930,-0.0221,0.0085,1.0164,1.017
1.5110,-0.0133,0.0129,1.0296,1.030
1.5120,-0.0216,0.0095,1.0350,1.035
1.5130,-0.0162,0.0134,1.0291,1.029
1.5140,-0.0265,0.0158,1.0247,1.025
1.5140,-0.0289,0.0090,1.0150,1.015
1.5220,-0.0231,0.0075,1.0306,1.031
1.5230,-0.0206,0.0036,1.0311,1.031
1.5250,-0.0123,0.0007,1.0345,1.035
1.5390,-0.0006,-0.0047,1.0247,1.025
1.5400,0.0155,-0.0013,1.0345,1.035
1.5410,0.0165,-0.0071,1.0257,1.026
1.5480,0.0160,-0.0047,1.0155,1.016
1.5500,0.0082,-0.0062,1.0096,1.010
1.5520,0.0150,-0.0076,0.9935,0.994
1.5550,0.0155,-0.0067,0.9798,0.980
1.5600,0.0238,-0.0081,0.9671,0.967
1.5650,0.0263,-0.0042,0.9661,0.966
1.5680,0.0170,-0.0067,0.9573,0.957
1.5730,0.0111,-0.0062,0.9602,0.960
1.5780,0.0268,-0.0023,0.9666,0.967
1.5820,0.0228,-0.0027,0.9563,0.957
1.5860,0.0101,0.0021,0.9642,0.964
1.5920,-0.0045,0.0075,0.9686,0.969
1.5970,-0.0128,0.0173,0.9778,0.978
1.5990,-0.0133,0.0119,0.9896,0.990
1.6040,-0.0265,0.0090,0.9954,0.996
1.6090,-0.0246,0.0144,0.9915,0.992
1.6220,-0.0216,0.0124,0.9866,0.987
1.6230,-0.0143,0.0104,0.9822,0.982
1.6260,-0.0187,0.0070,0.9769,0.977
1.6270,-0.0133,0.0129,0.9822,0.982
1.6520,-0.0192,0.0109,0.9646,0.965
1.6530,-0.0289,0.0124,0.9622,0.963
1.6540,-0.0363,0.0227,0.9729,0.974
1.6550,-0.0387,0.0212,0.9666,0.968
1.6560,-0.0412,0.0183,0.9637,0.965
1.6570,-0.0377,0.0217,0.9759,0.977
1.6580,-0.0456,0.0285,0.9832,0.985
1.6610,-0.0568,0.0227,0.9954,0.997
1.6650,-0.0514,0.0315,0.9988,1.001
1.6690,-0.0417,0.0246,1.0076,1.009
1.6740,-0.0265,0.0251,1.0042,1.005
1.6790,-0.0187,0.0256,0.9915,0.992
1.6840,-0.0114,0.0173,0.9847,0.985
1.6870,-0.0089,0.0183,0.9803,0.980
1.6910,-0.0031,0.0109,0.9725,0.973
1.6980,-0.0148,0.0104,0.9583,0.958
1.7000,-0.0167,0.0124,0.9695,0.970
1.7040,-0.0167,0.0158,0.9725,0.973
1.7150,-0.0109,0.0129,0.9974,0.998
1.7180,-0.0128,0.0168,0.9993,1.000
1.7190,-0.0118,0.0144,1.0081,1.008
1.7230,-0.0075,0.0036,1.0086,1.009
1.7270,-0.0040,0.0046,1.0179,1.018
1.7320,0.0004,0.0051,1.0115,1.012
1.7450,-0.0026,0.0060,1.0164,1.016
1.7460,-0.0045,0.0119,1.0135,1.014
1.7470,-0.0070,0.0051,1.0243,1.024
1.7480,-0.0070,0.0080,1.0169,1.017
1.7630,-0.0123,0.0095,1.0145,1.015
1.7640,-0.0177,0.0080,1.0013,1.001
1.7650,-0.0206,0.0100,0.9949,0.995
1.7660,-0.0309,0.0119,0.9930,0.994
1.7700,-0.0353,0.0095,0.9754,0.976
1.7750,-0.0343,0.0158,0.9720,0.973
1.7930,-0.0451,0.0158,0.9646,0.966
1.7940,-0.0407,0.0168,0.9690,0.970
1.7960,-0.0666,0.0271,0.9627,0.965
1.7970,-0.0280,0.0134,0.9803,0.981
1.7980,-0.0255,0.0065,0.9783,0.979
1.8000,-0.0202,0.0109,0.9910,0.991
1.8050,-0.0187,0.0183,0.9969,0.997
1.8100,-0.0162,0.0197,0.9944,0.995
1.8130,-0.0089,0.0187,0.9959,0.996
1.8180,-0.0162,0.0197,0.9944,0.995
1.8220,-0.0197,0.0246,0.9959,0.996
1.8270,-0.0187,0.0178,0.9984,0.999
1.8310,-0.0187,0.0212,0.9920,0.992
1.8360,-0.0197,0.0241,0.9881,0.989
1.8410,-0.0241,0.0197,0.9832,0.984
1.8440,-0.0250,0.0217,0.9798,0.980
1.8480,-0.0202,0.0231,0.9734,0.974
1.8530,-0.0216,0.0168,0.9725,0.973
1.8580,-0.0280,0.0256,0.9602,0.961
1.8620,-0.0329,0.0315,0.9602,0.961
1.8670,-0.0294,0.0300,0.9666,0.968
1.8700,-0.0387,0.0354,0.9353,0.937
1.8820,-0.0377,0.0481,0.9402,0.942
1.8830,-0.0461,0.0627,0.9216,0.925
1.8850,-0.0597,0.0647,0.9187,0.923
1.8940,-0.0754,0.0530,0.9060,0.911
1.8940,-0.0959,0.0520,0.8562,0.863
1.9080,-0.1203,0.0583,0.8210,0.832
1.9100,-0.1438,0.0686,0.7780,0.794
1.9120,-0.1443,0.0930,0.6959,0.717
1.9130,-0.1667,0.0876,0.5977,0.627
1.9150,-0.2601,0.0823,0.5254,0.592
1.9220,-0.3387,0.0637,0.4448,0.563
1.9230,-0.2444,0.0906,0.2659,0.372
1.9280,-0.1115,0.0930,0.0954,0.174
1.9310,0.1582,0.0725,-0.2496,0.304
1.9360,0.0194,0.0383,-0.0385,0.058
1.9400,0.0106,0.0139,-0.0453,0.049
1.9440,-0.0094,0.0002,0.0021,0.010
1.9480,-0.0109,0.0021,-0.0087,0.014
1.9540,-0.0128,0.0060,-0.0077,0.016
1.9580,-0.0123,0.0031,-0.0092,0.016
1.9630,-0.0162,0.0031,-0.0028,0.017
1.9660,-0.0075,0.0007,-0.0170,0.019
1.9760,-0.0118,0.0021,-0.0116,0.017
1.9770,-0.0123,0.0021,-0.0062,0.014
1.9800,-0.0084,0.0065,-0.0082,0.013
1.9840,-0.0104,0.0031,-0.0067,0.013
1.9970,-0.0084,0.0070,-0.0038,0.012
1.9980,-0.0104,0.0046,-0.0072,0.013
2.0270,-0.0089,0.0021,-0.0018,0.009
2.0290,-0.0138,0.0016,0.0011,0.014
2.0300,-0.0118,0.0031,-0.0023,0.012
2.0300,-0.0118,0.0016,-0.0013,0.012
2.0310,-0.0079,0.0056,-0.0077,0.012
2.0320,-0.0123,0.0026,-0.0009,0.013
2.0320,-0.0153,0.0026,-0.0028,0.016
2.0330,-0.0143,0.0031,-0.0028,0.015
2.0340,-0.0138,-0.0018,0.0055,0.015
2.0380,-0.0133,-0.0008,0.0109,0.017
2.0400,-0.0118,0.0007,-0.0004,0.012
2.0440,-0.0123,0.0070,-0.0092,0.017
2.0490,-0.0143,0.0041,0.0045,0.016
2.0540,-0.0118,0.0046,0.0065,0.014
2.0580,-0.0114,0.0046,-0.0004,0.012
2.0620,-0.0104,0.0036,0.0114,0.016
2.0670,-0.0094,0.0031,0.0070,0.012
2.0710,-0.0128,0.0056,0.0031,0.014
2.0750,-0.0128,-0.0003,0.0089,0.016
2.0820,-0.0104,0.0016,0.0016,0.011
2.0850,-0.0123,0.0021,0.0084,0.015
2.0940,-0.0099,0.0031,0.0089,0.014
2.0950,-0.0167,0.0060,0.0148,0.023
2.0980,-0.0060,0.0031,0.0172,0.018
2.1110,-0.0148,0.0007,0.0123,0.019
2.1120,-0.0138,0.0012,0.0138,0.020
2.1450,-0.0104,0.0036,0.0187,0.022
2.1490,-0.0094,0.0041,0.0172,0.020
2.1510,-0.0133,0.0036,0.0123,0.019
2.1510,-0.0118,0.0007,0.0206,0.024
2.1520,-0.0128,0.0060,0.0226,0.027
2.1540,-0.0138,0.0031,0.0128,0.019
2.1550,-0.0148,-0.0003,0.0246,0.029
2.1560,-0.0114,0.0056,0.0182,0.022
2.1560,-0.0153,-0.0013,0.0221,0.027
2.1580,-0.0079,0.0021,0.0260,0.027
2.1590,-0.0128,0.0002,0.0363,0.038
2.1590,-0.0065,0.0007,0.0319,0.033
2.1630,-0.0104,0.0002,0.0421,0.043
2.1670,-0.0128,0.0002,0.0363,0.038
2.1740,-0.0109,0.0016,0.0348,0.037
2.1750,-0.0114,-0.0023,0.0353,0.037
2.1820,-0.0084,0.0041,0.0373,0.038
2.1870,-0.0158,0.0012,0.0299,0.034
2.1890,-0.0153,0.0041,0.0402,0.043
2.1930,-0.0153,-0.0008,0.0382,0.041
2.1980,-0.0123,0.0021,0.0338,0.036
2.2060,-0.0128,-0.0008,0.0480,0.050
2.2070,-0.0094,0.0026,0.0441,0.045
2.2100,-0.0158,0.0056,0.0490,0.052
2.2150,-0.0084,-0.0032,0.0563,0.057
2.2190,-0.0133,0.0065,0.0524,0.054
2.2240,-0.0094,-0.0003,0.0475,0.048
2.2280,-0.0162,0.0002,0.0529,0.055
2.2420,-0.0128,-0.0008,0.0431,0.045
2.2430,-0.0084,0.0031,0.0480,0.049
2.2440,-0.0075,-0.0018,0.0597,0.060
2.2460,-0.0128,0.0026,0.0500,0.052
2.2630,-0.0128,-0.0013,0.0485,0.050
2.2640,-0.0114,0.0041,0.0607,0.062
2.2650,-0.0094,0.0041,0.0544,0.055
2.2660,-0.0118,0.0021,0.0544,0.056
2.2710,-0.0153,0.0016,0.0544,0.056
2.2720,-0.0099,0.0060,0.0573,0.058
2.2770,-0.0084,0.0002,0.0597,0.060
2.2830,-0.0114,0.0026,0.0680,0.069
2.2860,-0.0114,0.0046,0.0710,0.072
2.2890,-0.0109,0.0007,0.0759,0.077
2.2940,-0.0099,-0.0008,0.0812,0.082
2.2980,-0.0094,-0.0018,0.0934,0.094
2.3070,-0.0079,0.0016,0.1257,0.126
2.3080,-0.0084,-0.0013,0.2014,0.202
2.3110,0.9214,-0.6174,1.9932,2.281
2.3200,-4.0144,1.7758,4.0242,5.955
2.3220,-4.0144,3.7478,4.0242,6.809
2.3240,3.9907,-2.6745,4.0242,6.267
2.3310,3.9907,-2.8685,4.0242,6.352
2.3340,1.5918,-0.8612,3.8543,4.258
2.3370,0.1005,-0.0843,-0.3849,0.407
2.3420,-0.0783,0.0222,-0.3175,0.328
2.3460,-0.1027,0.0290,-0.1895,0.217
2.3510,-0.1047,0.0227,-0.0971,0.145
2.3550,-0.0895,0.0246,-0.0805,0.123
2.3590,-0.0754,0.0212,-0.0952,0.123
2.3720,-0.0773,0.0236,-0.0531,0.097
2.3730,-0.0695,0.0197,-0.0453,0.085
2.3780,-0.0724,0.0158,-0.0658,0.099
2.3790,-0.0812,0.0197,-0.0321,0.090
2.4020,-0.0754,0.0256,-0.0248,0.083
2.4040,-0.0812,0.0168,-0.0292,0.088
2.4050,-0.0817,0.0207,-0.0170,0.086
2.4060,-0.0803,0.0153,-0.0160,0.083
2.4070,-0.0827,0.0163,-0.0219,0.087
2.4070,-0.0847,0.0246,-0.0140,0.089
2.4080,-0.0876,0.0192,-0.0150,0.091
2.4120,-0.0817,0.0236,-0.0194,0.087
2.4170,-0.0876,0.0114,-0.0043,0.088
2.4200,-0.0876,0.0192,-0.0155,0.091
2.4250,-0.0851,0.0153,-0.0131,0.087
2.4290,-0.0871,0.0163,-0.0092,0.089
2.4350,-0.0920,0.0163,-0.0097,0.094
2.4380,-0.0886,0.0158,-0.0097,0.090
2.4420,-0.0895,0.0153,-0.0140,0.092
2.4480,-0.0939,0.0173,-0.0199,0.098
2.4520,-0.0890,0.0168,-0.0155,0.092
2.4550,-0.0983,0.0163,-0.0116,0.100
2.4600,-0.0988,0.0134,-0.0116,0.100
2.4650,-0.0978,0.0158,-0.0155,0.100
2.4690,-0.0954,0.0183,-0.0092,0.098
2.4730,-0.0969,0.0168,-0.0165,0.100
2.4770,-0.0993,0.0158,-0.0155,0.102
2.4860,-0.0993,0.0163,-0.0072,0.101
2.4870,-0.1018,0.0129,-0.0165,0.104
2.4900,-0.0998,0.0100,-0.0184,0.102
2.4950,-0.1066,0.0139,-0.0155,0.109
2.5020,-0.1008,0.0109,-0.0131,0.102
2.5030,-0.1052,0.0056,-0.0199,0.107
2.5100,-0.1101,0.0129,-0.0136,0.112
2.5220,-0.1066,0.0070,-0.0160,0.108
2.5230,-0.1096,0.0060,-0.0180,0.111
2.5230,-0.0534,-0.0096,-0.0297,0.062
2.5260,0.0473,-0.0291,-0.0258,0.061
2.5590,0.2251,-0.0672,-0.0131,0.235
2.5620,0.5720,-0.1303,-0.0233,0.587
2.5630,1.0885,-0.2001,0.0084,1.107
2.5650,1.6045,-0.1772,0.0847,1.616
2.5650,1.7208,-0.0619,0.1071,1.725
2.5660,1.4599,-0.1166,0.1604,1.473
2.5670,0.8701,-0.3697,0.1008,0.951
2.5670,0.1562,-0.6765,0.0255,0.695
2.5690,-0.8352,-0.7748,-0.3556,1.193
2.5710,-2.3709,-0.6125,-1.2546,2.751
2.5750,-4.0144,0.0095,-3.3102,5.203
2.5780,-4.0144,0.9017,-3.9810,5.725
2.5840,-4.0144,0.7810,-3.9810,5.707
2.5870,-4.0144,0.1614,-3.8780,5.584
2.5910,-3.0144,-0.1078,-1.8942,3.562
2.5950,-1.6316,-0.1630,-0.6693,1.771
2.6000,-1.2153,-0.1620,-0.1523,1.235
2.6040,-1.1410,-0.1391,0.0070,1.149
2.6110,-1.1440,-0.1484,0.0001,1.154
2.6210,-1.1532,-0.1552,0.0031,1.164
2.6240,-1.1542,-0.1655,-0.0067,1.166
2.6270,-1.0770,-0.1938,-0.2217,1.117
2.6280,-0.6935,-0.3917,-0.7944,1.125
2.6460,0.2799,-0.7943,-0.5989,1.033
2.6480,2.4840,-1.2756,0.3119,2.810
2.6510,3.3996,-0.7782,1.7689,3.911
2.6520,1.4247,0.0158,1.9018,2.376
2.6530,0.1709,0.1189,1.1552,1.174
2.6530,-0.4066,0.0857,0.5400,0.681
2.6560,-0.5469,0.0451,0.2151,0.589
2.6620,-0.5567,0.0202,0.1149,0.569
2.6650,-0.5654,0.0051,0.1252,0.579
2.6690,-0.5205,-0.0413,-0.2647,0.585
2.6740,-0.2992,-0.1137,-1.0323,1.081
2.6800,0.0468,-0.2148,-2.2421,2.253
2.6850,0.4250,-0.3423,-3.8071,3.846
2.6890,0.6644,-0.2304,-3.9810,4.043
2.6970,-0.4169,0.0437,-3.1158,3.144
2.7000,-0.6104,0.0627,-2.0110,2.103
2.7010,-0.5249,0.0402,-1.3670,1.465
2.7050,-0.4472,0.0227,-1.2190,1.299
2.7110,-0.3578,0.0197,-1.1090,1.165
2.7140,-0.2874,0.0090,-1.3284,1.359
2.7180,-0.1257,-0.0428,-1.4041,1.410
2.7270,0.3194,-0.1796,-1.2771,1.329
2.7290,0.5784,-0.3438,-0.7455,1.004
2.7310,0.4421,-0.2905,-0.0243,0.530
2.7350,0.2398,-0.1088,0.3319,0.424
2.7400,0.1352,0.0192,0.2904,0.321
2.7450,0.0956,0.0857,-0.0326,0.132
2.7480,0.0815,0.1091,-0.4802,0.499
2.7530,0.1206,0.1145,-1.0382,1.051
2.7630,0.1650,0.1204,-1.6011,1.614
2.7650,-0.0944,0.1394,-1.9538,1.961
2.7670,-0.3231,0.0955,-2.0965,2.123
2.7720,-0.3485,0.0310,-1.9431,1.974
2.7750,-0.3016,-0.0174,-1.6558,1.683
2.7910,-0.2518,-0.0580,-1.3421,1.367
2.7930,-0.1902,-0.0946,-1.0484,1.070
2.7950,-0.0387,-0.1342,-0.7949,0.807
2.7960,0.1069,-0.1410,-0.6092,0.634
2.7970,0.1484,-0.0716,-0.4880,0.515
2.8030,0.1621,-0.0062,-0.4465,0.475
2.8240,0.1543,0.0525,-0.5237,0.548
2.8260,0.1118,0.0906,-0.7264,0.741
2.8270,0.0033,0.0984,-0.9571,0.962
2.8280,-0.0685,0.0495,-1.1501,1.153
2.8290,-0.1276,-0.0062,-1.3094,1.316
2.8300,-0.1570,-0.0448,-1.4198,1.429
2.8320,-0.1452,-0.0521,-1.4144,1.423
2.8370,-0.0627,-0.0423,-1.3006,1.303
2.8400,-0.0211,-0.0203,-1.1173,1.118
2.8440,0.0082,-0.0018,-0.9370,0.937
2.8490,0.0253,0.0056,-0.8095,0.810
2.8530,0.0331,0.0144,-0.7440,0.745
2.8580,0.0219,0.0163,-0.7831,0.784
2.8620,0.0018,0.0153,-0.8833,0.883
2.8660,-0.0285,0.0056,-1.0059,1.006
2.8700,-0.0539,-0.0076,-1.1252,1.126
2.8760,-0.0680,-0.0120,-1.1725,1.175
2.8800,-0.0588,-0.0213,-1.1667,1.168
2.8830,-0.0402,-0.0111,-1.0953,1.096
2.8920,-0.0158,-0.0111,-1.0098,1.010
2.8940,0.0038,0.0002,-0.9541,0.954
2.8970,0.0009,0.0031,-0.9287,0.929
2.9020,-0.0050,0.0031,-0.9566,0.957
2.9120,-0.0182,-0.0032,-1.0069,1.007
2.9140,-0.0338,-0.0096,-1.0484,1.049
2.9150,-0.0382,-0.0120,-1.0675,1.068
2.9200,-0.0402,-0.0037,-1.0626,1.063
2.9370,-0.0343,-0.0003,-1.0177,1.018
2.9380,-0.0231,0.0051,-0.9708,0.971
2.9410,-0.0118,0.0051,-0.9576,0.958
2.9420,-0.0031,0.0036,-0.9659,0.966
2.9440,-0.0172,-0.0052,-1.0074,1.008
2.9450,-0.0192,-0.0076,-1.0470,1.047
2.9490,-0.0285,-0.0071,-1.0822,1.083
2.9560,-0.0373,-0.0071,-1.0836,1.084
2.9580,-0.0309,-0.0042,-1.0523,1.053
2.9620,-0.0270,0.0007,-1.0133,1.014
2.9660,-0.0221,-0.0042,-0.9820,0.982
2.9720,-0.0133,-0.0047,-0.9634,0.964
2.9760,-0.0172,-0.0008,-0.9732,0.973
2.9800,-0.0172,-0.0062,-0.9952,0.995
2.9850,-0.0226,-0.0130,-1.0284,1.029
2.9890,-0.0285,-0.0120,-1.0426,1.043
2.9930,-0.0304,-0.0018,-1.0465,1.047
2.9970,-0.0309,0.0007,-1.0372,1.038
3.0020,-0.0211,0.0021,-1.0206,1.021
3.0080,-0.0192,0.0041,-1.0015,1.002
3.0100,-0.0162,-0.0013,-0.9996,1.000
3.0150,-0.0187,-0.0037,-1.0059,1.006
3.0190,-0.0250,-0.0130,-1.0133,1.014
3.0250,-0.0265,-0.0081,-1.0177,1.018
3.0280,-0.0260,-0.0037,-1.0167,1.017
3.0320,-0.0265,0.0002,-1.0147,1.015
3.0510,-0.0216,-0.0008,-1.0123,1.013
3.0530,-0.0211,-0.0013,-1.0113,1.012
3.0680,-0.0167,0.0021,-1.0113,1.011
3.0700,-0.0167,-0.0003,-1.0172,1.017
3.0710,-0.0231,-0.0052,-1.0240,1.024
3.0710,-0.0236,-0.0106,-1.0318,1.032
3.0720,-0.0226,-0.0047,-1.0181,1.018
3.0730,-0.0226,-0.0076,-1.0206,1.021
3.0740,-0.0202,-0.0047,-1.0050,1.005
3.0810,-0.0275,-0.0027,-1.0069,1.007
3.0840,-0.0197,0.0041,-1.0006,1.001
3.0940,-0.0226,0.0002,-1.0079,1.008
3.0950,-0.0216,-0.0027,-1.0191,1.019
3.0970,-0.0260,-0.0032,-1.0201,1.020
3.0990,-0.0158,-0.0101,-1.0152,1.015
3.1030,-0.0250,-0.0071,-1.0181,1.018
3.1060,-0.0231,-0.0071,-1.0123,1.013
3.1110,-0.0231,-0.0047,-1.0152,1.015
3.1150,-0.0211,-0.0037,-1.0133,1.013
3.1210,-0.0221,-0.0023,-1.0113,1.012
3.1250,-0.0246,-0.0023,-1.0201,1.020
3.1280,-0.0221,-0.0032,-1.0181,1.018
3.1320,-0.0221,0.0012,-1.0191,1.019
3.1380,-0.0221,-0.0008,-1.0221,1.022
3.1410,-0.0280,-0.0032,-1.0098,1.010
3.1460,-0.0206,-0.0052,-1.0216,1.022
3.1500,-0.0246,-0.0027,-1.0142,1.015
3.1640,-0.0211,-0.0076,-1.0103,1.011
3.1660,-0.0255,-0.0032,-1.0079,1.008
3.1670,-0.0231,-0.0027,-1.0167,1.017
3.1670,-0.0231,-0.0013,-1.0235,1.024
3.1840,-0.0202,-0.0018,-1.0235,1.024
3.1860,-0.0231,0.0012,-1.0284,1.029
3.1870,-0.0211,-0.0008,-1.0255,1.026
3.1880,-0.0246,-0.0032,-1.0147,1.015
3.1890,-0.0246,-0.0091,-1.0123,1.013
3.1930,-0.0280,0.0012,-1.0142,1.015
3.1980,-0.0241,-0.0032,-1.0137,1.014
3.2030,-0.0289,-0.0037,-1.0118,1.012
3.2060,-0.0255,-0.0008,-1.0147,1.015
3.2110,-0.0241,-0.0032,-1.0123,1.013
3.2180,-0.0275,-0.0047,-1.0152,1.016
3.2200,-0.0221,-0.0047,-1.0177,1.018
3.2250,-0.0270,0.0007,-1.0235,1.024
3.2290,-0.0260,-0.0013,-1.0128,1.013
3.2340,-0.0192,0.0002,-1.0137,1.014
3.2380,-0.0172,-0.0032,-1.0123,1.012
3.2420,-0.0236,-0.0057,-1.0108,1.011
3.2480,-0.0260,-0.0008,-1.0089,1.009
3.2530,-0.0187,-0.0047,-1.0113,1.011
3.2570,-0.0241,-0.0003,-1.0216,1.022
3.2610,-0.0216,-0.0032,-1.0167,1.017
3.2650,-0.0172,-0.0037,-1.0245,1.025
3.2710,-0.0246,0.0016,-1.0172,1.017
3.2730,-0.0260,-0.0027,-1.0152,1.016
3.2770,-0.0241,-0.0018,-1.0211,1.021
3.2810,-0.0255,-0.0057,-1.0089,1.009
3.2970,-0.0221,-0.0037,-1.0142,1.014
3.2990,-0.0241,-0.0018,-1.0089,1.009
3.3000,-0.0192,-0.0023,-1.0162,1.016
3.3030,-0.0216,-0.0037,-1.0147,1.015
3.3040,-0.0280,-0.0106,-1.0216,1.022
3.3110,-0.0241,-0.0062,-1.0225,1.023
3.3130,-0.0206,-0.0013,-1.0142,1.014
3.3260,-0.0202,-0.0096,-1.0152,1.015
3.3280,-0.0250,-0.0023,-1.0196,1.020
3.3300,-0.0246,-0.0062,-1.0157,1.016
3.3310,-0.0280,-0.0003,-1.0128,1.013
3.3380,-0.0270,-0.0032,-1.0147,1.015
3.3390,-0.0250,-0.0062,-1.0201,1.020
3.3420,-0.0241,-0.0081,-1.0094,1.010
3.3460,-0.0216,-0.0042,-1.0235,1.024
3.3510,-0.0241,-0.0047,-1.0123,1.013
3.3550,-0.0241,0.0021,-1.0191,1.019
3.3600,-0.0275,-0.0018,-1.0230,1.023
3.3650,-0.0221,-0.0091,-1.0216,1.022
3.3680,-0.0231,-0.0023,-1.0186,1.019
3.3720,-0.0216,-0.0062,-1.0103,1.011
3.3770,-0.0192,-0.0013,-1.0103,1.011
3.3830,-0.0158,-0.0008,-1.0172,1.017
3.3870,-0.0275,0.0026,-1.0191,1.019
3.3910,-0.0241,-0.0032,-1.0177,1.018
3.3960,-0.0158,-0.0047,-1.0191,1.019
3.4090,-0.0158,0.0021,-1.0186,1.019
3.4100,-0.0236,0.0007,-1.0245,1.025
3.4110,-0.0270,0.0031,-1.0147,1.015
3.4140,-0.0270,-0.0037,-1.0108,1.011
3.4190,-0.0255,-0.0057,-1.0225,1.023
3.4210,-0.0231,0.0016,-1.0123,1.013
3.4250,-0.0275,-0.0091,-1.0225,1.023
3.4360,-0.0192,-0.0057,-1.0113,1.012
3.4400,-0.0255,-0.0052,-1.0177,1.018
3.4410,-0.0246,-0.0037,-1.0152,1.016
3.4430,-0.0236,-0.0052,-1.0142,1.015
3.4480,-0.0221,-0.0042,-1.0113,1.012
3.4510,-0.0202,-0.0042,-1.0123,1.012
3.4560,-0.0265,-0.0052,-1.0216,1.022
3.4610,-0.0246,-0.0027,-1.0260,1.026
3.4680,-0.0216,-0.0023,-1.0221,1.022
3.4700,-0.0265,0.0007,-1.0260,1.026
3.4730,-0.0241,-0.0027,-1.0245,1.025
3.4770,-0.0255,-0.0008,-1.0201,1.020
3.4880,-0.0206,-0.0032,-1.0181,1.018
3.4890,-0.0255,-0.0013,-1.0108,1.011
3.4930,-0.0216,0.0002,-1.0064,1.007
3.4950,-0.0226,-0.0008,-1.0118,1.012
3.5000,-0.0255,-0.0052,-1.0079,1.008
3.5040,-0.0241,-0.0032,-1.0177,1.018
3.5110,-0.0260,0.0012,-1.0201,1.020
3.5130,-0.0246,0.0007,-1.0240,1.024
3.5180,-0.0221,-0.0032,-1.0142,1.014
3.5220,-0.0246,-0.0062,-1.0255,1.026
3.5270,-0.0231,-0.0057,-1.0269,1.027
3.5420,-0.0250,0.0002,-1.0191,1.019
3.5440,-0.0221,-0.0013,-1.0103,1.011
3.5510,-0.0226,-0.0096,-1.0147,1.015
3.5520,-0.0250,-0.0037,-1.0152,1.016
3.5520,-0.0206,0.0002,-1.0147,1.015
3.5530,-0.0260,-0.0047,-1.0137,1.014
3.5700,-0.0206,-0.0018,-1.0216,1.022
3.5720,-0.0226,-0.0111,-1.0196,1.020
3.5750,-0.0202,-0.0086,-1.0221,1.022
3.5760,-0.0265,-0.0071,-1.0167,1.017
3.5770,-0.0250,-0.0042,-1.0245,1.025
3.5780,-0.0197,-0.0052,-1.0157,1.016
3.5830,-0.0255,-0.0027,-1.0098,1.010
3.5870,-0.0246,-0.0037,-1.0133,1.014
3.5920,-0.0236,-0.0042,-1.0069,1.007
3.5970,-0.0250,0.0002,-1.0147,1.015
3.6000,-0.0167,-0.0047,-1.0191,1.019
3.6040,-0.0197,-0.0023,-1.0235,1.024
3.6080,-0.0177,-0.0008,-1.0269,1.027
3.6170,-0.0216,-0.0018,-1.0230,1.023
3.6180,-0.0236,-0.0018,-1.0167,1.017
3.6220,-0.0211,-0.0047,-1.0113,1.012
3.6280,-0.0246,0.0012,-1.0142,1.015
3.6310,-0.0309,-0.0027,-1.0152,1.016
3.6360,-0.0275,-0.0023,-1.0113,1.012
3.6400,-0.0202,-0.0018,-1.0137,1.014
3.6540,-0.0231,-0.0042,-1.0094,1.010
3.6560,-0.0265,-0.0052,-1.0235,1.024
3.6570,-0.0206,-0.0081,-1.0084,1.009
3.6590,-0.0236,-0.0013,-1.0221,1.022
3.6610,-0.0246,-0.0062,-1.0201,1.020
3.6840,-0.0206,-0.0032,-1.0181,1.018
3.6850,-0.0255,-0.0067,-1.0221,1.022
3.6860,-0.0216,-0.0057,-1.0221,1.022
3.6860,-0.0177,-0.0042,-1.0167,1.017
3.6870,-0.0250,-0.0032,-1.0064,1.007
3.6880,-0.0260,-0.0037,-1.0167,1.017
3.6930,-0.0192,-0.0037,-1.0147,1.015
3.6980,-0.0236,-0.0018,-1.0235,1.024
3.7020,-0.0275,-0.0052,-1.0211,1.021
3.7040,-0.0265,-0.0042,-1.0196,1.020
3.7090,-0.0216,-0.0027,-1.0172,1.017
3.7130,-0.0236,-0.0023,-1.0137,1.014
3.7180,-0.0182,-0.0047,-1.0201,1.020
3.7230,-0.0241,-0.0027,-1.0133,1.014
3.7270,-0.0231,-0.0037,-1.0177,1.018
3.7310,-0.0109,-0.0018,-1.0255,1.026
3.7350,-0.0319,-0.0032,-1.0167,1.017
3.7400,-0.0353,-0.0076,-0.9981,0.999
3.7450,-0.0475,-0.0091,-0.9922,0.993
3.7480,-0.0294,0.0036,-1.0050,1.005
3.7530,-0.0138,-0.0013,-1.0103,1.010
3.7570,-0.0094,-0.0042,-1.0059,1.006
3.7620,-0.0309,-0.0062,-1.0181,1.019
3.7660,-0.0275,-0.0081,-1.2595,1.260
3.7700,-0.0294,-0.0350,-1.1120,1.113
3.7840,-0.0402,-0.0379,-1.0411,1.043
3.7850,-0.0153,-0.0252,-0.9844,0.985
3.7860,0.0429,-0.0003,-0.9395,0.940
3.7930,0.0678,0.0109,-0.9092,0.912
3.7950,0.0566,0.0139,-0.9155,0.917
3.7970,0.0478,0.0139,-0.9214,0.923
3.8040,0.0326,0.0070,-0.9756,0.976
3.8060,0.0214,0.0090,-1.0621,1.062
3.8100,0.0326,0.0007,-1.1183,1.119
3.8140,0.0101,0.0002,-1.1506,1.151
3.8180,0.0053,-0.0150,-1.1256,1.126
3.8270,0.0038,-0.0101,-1.0621,1.062
3.8280,0.0170,-0.0145,-0.9893,0.990
3.8320,-0.0162,-0.0096,-0.7787,0.779
3.8360,-0.0333,0.0217,-0.7577,0.759
3.8410,-0.0187,0.0241,-0.8764,0.877
3.8450,0.0160,0.0075,-0.9966,0.997
3.8490,0.0468,-0.0091,-1.0265,1.028
3.8530,0.0551,-0.0106,-1.0089,1.010
3.8580,0.0737,-0.0037,-1.0079,1.011
3.8620,0.0873,-0.0037,-1.0177,1.021
3.8660,0.0766,0.0139,-1.0509,1.054
3.8710,0.0365,0.0051,-1.0895,1.090
3.8760,-0.0299,-0.0106,-1.1383,1.139
3.8790,-0.0822,-0.0086,-1.1725,1.175
3.8840,-0.0807,-0.0247,-1.2028,1.206
3.9040,-0.0783,-0.0233,-1.1921,1.195
3.9100,-0.0275,-0.0189,-1.1691,1.170
3.9120,-0.0001,-0.0101,-1.1510,1.151
3.9160,0.0370,0.0026,-1.0968,1.097
3.9170,0.0776,-0.0086,-1.0641,1.067
3.9180,0.0771,-0.0286,-1.0817,1.085
3.9190,0.0316,-0.0106,-1.0563,1.057
3.9260,0.0077,-0.0032,-1.0748,1.075
3.9270,-0.0104,0.0124,-1.0548,1.055
3.9270,-0.0197,0.0153,-1.0050,1.005
3.9320,-0.0153,0.0114,-0.9747,0.975
3.9360,-0.0040,0.0075,-0.9473,0.947
3.9410,0.0228,-0.0135,-0.9732,0.974
3.9450,0.0458,-0.0189,-0.9722,0.973
3.9490,0.0517,-0.0213,-0.9918,0.993
3.9550,0.0473,-0.0101,-1.0113,1.012
3.9580,0.0580,-0.0086,-0.9849,0.987
3.9620,0.0546,0.0129,-0.9610,0.963
3.9660,0.0302,0.0280,-0.9458,0.947
3.9720,0.0341,0.0339,-0.9424,0.944
3.9760,0.0468,0.0329,-0.9483,0.950
3.9800,0.0619,0.0227,-0.9649,0.967
3.9850,0.0629,0.0183,-1.0313,1.033
3.9890,0.0399,0.0085,-1.1418,1.142
3.9930,0.0536,0.0031,-1.2126,1.214
3.9970,0.0395,0.0183,-1.2537,1.254
4.0020,0.0277,0.0266,-1.2581,1.259
4.0150,0.0228,0.0456,-1.2380,1.239
4.0160,0.0180,0.0608,-1.2160,1.218
4.0180,0.0336,0.0671,-1.1755,1.178
4.0350,0.0478,0.0642,-1.1105,1.113
4.0360,0.1118,0.0417,-0.8667,0.875
4.0370,0.1377,0.0271,-0.8574,0.869
4.0380,0.1943,0.0158,-1.0616,1.079
4.0380,0.1948,0.0007,-1.2175,1.233
4.0430,0.1631,-0.0199,-1.2849,1.295
4.0450,0.0976,-0.0296,-1.3372,1.341
4.0510,0.0683,-0.0340,-1.3851,1.387
4.0570,0.0888,-0.0326,-1.4310,1.434
4.0580,0.1181,-0.0345,-1.4154,1.421
4.0620,0.1396,-0.0203,-1.4139,1.421
4.0670,0.1797,-0.0169,-1.4144,1.426
4.0720,0.2232,-0.0159,-1.4027,1.420
4.0760,0.2403,-0.0125,-1.3514,1.373
4.0870,0.2310,-0.0096,-1.2805,1.301
4.0890,0.2139,-0.0120,-1.1970,1.216
4.0910,0.2110,0.0002,-1.1344,1.154
4.0960,0.2051,0.0144,-1.0729,1.092
4.1080,0.2051,0.0183,-0.9918,1.013
4.1090,0.2432,0.0212,-0.9292,0.961
4.1110,0.2632,0.0280,-0.8330,0.874
4.1120,0.2921,0.0427,-0.7157,0.774
4.1170,0.3272,0.0359,-0.7352,0.806
4.1250,0.3018,0.0319,-0.7294,0.790
4.1270,0.2813,0.0104,-0.7328,0.785
4.1290,0.2525,-0.0169,-0.7802,0.820
4.1330,0.2623,-0.0633,-0.8681,0.909
4.1380,0.3219,-0.1034,-0.9317,0.991
4.1420,0.3976,-0.1278,-0.9624,1.049
4.1460,0.4406,-0.1205,-0.9659,1.068
4.1500,0.4670,-0.1146,-0.9243,1.042
4.1600,0.4743,-0.0907,-0.8774,1.002
4.1610,0.4704,-0.0668,-0.7909,0.923
4.1640,0.4440,-0.0472,-0.7690,0.889
4.1710,0.4514,-0.0389,-0.7064,0.839
4.1730,0.4685,-0.0296,-0.6932,0.837
4.1840,0.4802,-0.0262,-0.6615,0.818
4.1860,0.5349,-0.0326,-0.6258,0.824
4.1880,0.5320,-0.0277,-0.6571,0.846
4.1890,0.5476,-0.0301,-0.6971,0.887
4.1940,0.5965,-0.0247,-0.7172,0.933
4.1990,0.6473,-0.0301,-0.7260,0.973
4.2040,0.6898,-0.0262,-0.7391,1.011
4.2070,0.7167,-0.0184,-0.7211,1.017
4.2110,0.7264,-0.0008,-0.6776,0.993
4.2150,0.7284,0.0148,-0.6126,0.952
4.2220,0.7230,0.0368,-0.5701,0.921
4.2250,0.7079,0.0495,-0.5510,0.898
4.2290,0.7162,0.0593,-0.5447,0.902
4.2350,0.7255,0.0598,-0.5237,0.897
4.2380,0.7538,0.0701,-0.5129,0.914
4.2420,0.8032,0.0681,-0.5095,0.954
4.2460,0.8540,0.0701,-0.5286,1.007
4.2520,0.9116,0.0686,-0.5579,1.071
4.2560,0.8921,0.0764,-0.6580,1.111
4.2600,0.8339,0.0774,-0.7602,1.131
4.2650,0.7983,0.0705,-0.7919,1.127
4.2770,0.8212,0.0549,-0.5520,0.991
4.2780,0.8154,0.0305,-0.3448,0.886
4.2830,0.7626,0.0114,-0.3033,0.821
4.2910,0.7367,0.0241,-0.3790,0.829
4.2920,0.7435,0.0300,-0.3986,0.844
4.2930,0.7523,0.0183,-0.3101,0.814
4.3040,0.7592,0.0085,-0.2476,0.799
4.3050,0.7606,0.0065,-0.2711,0.808
4.3060,0.7758,0.0080,-0.2520,0.816
4.3070,0.7787,-0.0032,-0.2266,0.811
4.3130,0.7939,-0.0018,-0.1875,0.816
4.3170,0.8139,0.0016,-0.1401,0.826
4.3210,0.8339,0.0051,-0.0825,0.838
4.3250,0.8462,0.0051,-0.0321,0.847
4.3300,0.8413,0.0075,-0.0013,0.841
4.3340,0.8330,0.0080,0.0260,0.833
4.3380,0.8207,0.0070,0.0338,0.821
4.3420,0.7895,0.0080,0.0602,0.792
4.3470,0.7636,0.0095,0.0558,0.766
4.3510,0.7235,0.0021,0.0627,0.726
4.3660,0.6888,0.0085,0.0666,0.692
4.3660,0.6556,0.0016,0.0715,0.659
4.3680,0.6292,0.0051,0.1013,0.637
4.3710,0.6097,0.0007,0.1213,0.622
4.3720,0.5891,0.0065,0.1609,0.611
4.3780,0.5755,0.0085,0.2425,0.625
4.3840,0.5559,0.0129,0.3456,0.655
4.3860,0.5393,0.0168,0.4179,0.682
4.3900,0.5202,0.0285,0.5171,0.734
4.3940,0.4958,0.0344,0.6124,0.789
4.4080,0.4797,0.0412,0.7101,0.858
4.4090,0.4709,0.0549,0.7467,0.885
4.4110,0.5139,0.0486,0.7296,0.894
4.4130,0.5735,0.0324,0.7330,0.931
4.4300,0.6766,0.0158,0.7672,1.023
4.4310,0.7553,-0.0086,0.7785,1.085
4.4320,0.7792,-0.0438,0.7941,1.113
4.4330,0.7812,-0.0765,0.8317,1.144
4.4340,0.7308,-0.0912,0.9094,1.170
4.4380,0.6859,-0.0853,1.0306,1.241
4.4420,0.6644,-0.0785,1.0487,1.244
4.4470,0.5818,-0.0555,1.0086,1.166
4.4510,0.5618,-0.0472,0.9827,1.133
4.4550,0.4733,-0.0272,0.9417,1.054
4.4630,0.4719,-0.0218,0.8967,1.014
4.4690,0.4357,-0.0037,0.8703,0.973
4.4700,0.4123,-0.0027,0.7980,0.898
4.4730,0.4333,0.0007,0.8195,0.927
4.4780,0.4328,0.0007,0.7614,0.876
4.4840,0.4489,-0.0042,0.7653,0.887
4.4860,0.4685,-0.0091,0.7555,0.889
4.4910,0.4743,-0.0101,0.7707,0.905
4.4950,0.4518,-0.0096,0.7829,0.904
4.5020,0.4548,-0.0189,0.8171,0.935
4.5040,0.4230,-0.0111,0.8249,0.927
4.5080,0.3742,-0.0125,0.7917,0.876
4.5160,0.3502,-0.0062,0.8293,0.900
4.5190,0.3316,-0.0115,0.8371,0.900
4.5210,0.2955,0.0036,0.8327,0.884
4.5270,0.2886,0.0021,0.8899,0.936
4.5340,0.2584,0.0075,0.8865,0.923
4.5360,0.2598,0.0139,0.9441,0.979
4.5400,0.2383,0.0119,0.9490,0.979
4.5440,0.2339,0.0100,1.0086,1.035
4.5610,0.2154,0.0139,1.0995,1.120
4.5630,0.2007,0.0075,1.1899,1.207
4.5640,0.1914,0.0124,1.2822,1.297
4.5640,0.1782,0.0153,1.3247,1.337
4.5750,0.1704,0.0183,1.3946,1.405
4.5760,0.1821,0.0144,1.4215,1.433
4.5770,0.1992,0.0026,1.4376,1.451
4.5790,0.1890,-0.0081,1.3643,1.377
4.5920,0.1987,-0.0223,1.3037,1.319
4.5930,0.1929,-0.0326,1.2427,1.258
4.5950,0.1914,-0.0418,1.1625,1.179
4.5950,0.1802,-0.0457,1.0863,1.102
4.6000,0.1870,-0.0433,1.0379,1.056
4.6040,0.1821,-0.0492,1.0140,1.031
4.6090,0.1719,-0.0477,0.9676,0.984
4.6150,0.1489,-0.0326,0.9456,0.958
4.6170,0.1504,-0.0340,0.9353,0.948
4.6220,0.1543,-0.0277,0.9114,0.925
4.6330,0.1352,-0.0145,0.8762,0.887
4.6340,0.1416,-0.0081,0.8884,0.900
4.6350,0.1303,0.0007,0.8826,0.892
4.6390,0.1411,-0.0042,0.9085,0.919
4.6530,0.1342,-0.0008,0.8860,0.896
4.6540,0.1347,-0.0106,0.9148,0.925
4.6550,0.1323,-0.0076,0.9138,0.923
4.6560,0.1289,-0.0155,0.8738,0.883
4.6760,0.1088,-0.0228,0.8733,0.880
4.6770,0.1103,-0.0267,0.8611,0.869
4.6780,0.1127,-0.0267,0.8576,0.865
4.6790,0.1113,-0.0311,0.8772,0.885
4.6790,0.0986,-0.0409,0.8899,0.896
4.6840,0.0825,-0.0409,0.9148,0.919
4.6870,0.0580,-0.0360,0.9192,0.922
4.6920,0.0629,-0.0296,0.9407,0.943
4.6980,0.0839,-0.0228,1.0184,1.022
4.7010,0.0829,-0.0140,1.1239,1.127
4.7070,0.0395,0.0031,1.2827,1.283
4.7110,-0.0949,0.0432,1.4469,1.451
4.7150,-0.2156,0.0749,1.5661,1.583
4.7180,-0.3036,0.0906,1.6213,1.652
4.7220,-0.3363,0.0876,1.5559,1.594
4.7270,-0.2767,0.0393,1.3995,1.427
4.7310,-0.1096,-0.0184,1.2412,1.246
4.7350,0.0077,-0.0409,1.0990,1.100
4.7400,0.0551,-0.0404,0.9729,0.975
4.7450,0.0873,-0.0355,0.8474,0.853
4.7490,0.1088,-0.0394,0.7326,0.742
4.7530,0.1015,-0.0345,0.6466,0.655
4.7570,0.0575,-0.0208,0.6011,0.604
4.7710,0.0302,0.0002,0.5953,0.596
4.7720,0.0263,0.0007,0.6500,0.651
4.7730,0.0096,0.0065,0.7399,0.740
4.7740,-0.0118,0.0021,0.8713,0.871
4.7930,-0.0431,-0.0067,1.0135,1.014
4.7940,-0.0597,-0.0027,1.1337,1.135
4.7950,-0.0612,0.0026,1.2388,1.240
4.8030,-0.0661,0.0075,1.2935,1.295
4.8030,-0.0514,0.0041,1.2778,1.279
4.8040,-0.0236,-0.0008,1.1962,1.196
4.8060,-0.0055,-0.0057,1.0731,1.073
4.8100,0.0033,-0.0067,0.9759,0.976
4.8140,0.0033,-0.0057,0.8982,0.898
4.8180,-0.0040,-0.0096,0.8567,0.857
4.8220,-0.0114,-0.0062,0.8337,0.834
4.8270,-0.0123,-0.0042,0.8576,0.858
4.8320,-0.0250,-0.0042,0.8913,0.892
4.8360,-0.0265,-0.0047,0.9485,0.949
4.8440,-0.0299,-0.0003,0.9993,1.000
4.8460,-0.0206,-0.0027,1.0394,1.040
4.8490,-0.0192,0.0002,1.0658,1.066
4.8530,-0.0158,-0.0027,1.0604,1.061
4.8590,-0.0050,-0.0047,1.0467,1.047
4.8620,-0.0089,-0.0047,1.0291,1.029
4.8660,-0.0084,-0.0081,1.0115,1.012
4.8700,-0.0143,-0.0023,0.9817,0.982
4.8810,-0.0172,-0.0057,0.9568,0.957
4.8820,-0.0221,-0.0091,0.9466,0.947
4.8900,-0.0192,-0.0125,0.9358,0.936
4.8910,-0.0109,-0.0101,0.9358,0.936
4.9000,-0.0089,-0.0086,0.9422,0.942
4.9010,-0.0031,-0.0037,0.9588,0.959
4.9040,-0.0011,-0.0086,0.9710,0.971
4.9070,-0.0021,-0.0042,0.9905,0.991
4.9100,-0.0035,-0.0057,1.0003,1.000
4.9140,-0.0045,-0.0052,1.0086,1.009
4.9180,-0.0114,-0.0047,1.0194,1.019
4.9230,-0.0192,-0.0027,1.0052,1.005
4.9280,-0.0206,-0.0062,0.9969,0.997
4.9320,-0.0138,-0.0032,0.9861,0.986
4.9360,-0.0104,-0.0096,0.9808,0.981
4.9420,-0.0070,-0.0052,0.9749,0.975
4.9460,-0.0065,-0.0071,0.9769,0.977
4.9510,-0.0153,-0.0062,0.9710,0.971
4.9550,0.0004,-0.0037,0.9676,0.968
4.9600,-0.0070,-0.0062,0.9725,0.973
4.9630,-0.0109,-0.0032,0.9695,0.970
4.9670,-0.0104,-0.0125,0.9817,0.982
4.9750,-0.0079,-0.0052,0.9783,0.978
4.9770,-0.0055,-0.0047,0.9891,0.989
4.9810,-0.0133,-0.0032,0.9915,0.992
4.9860,-0.0099,-0.0047,0.9993,0.999
4.9910,-0.0040,-0.0057,0.9944,0.994
4.9940,-0.0094,-0.0057,0.9940,0.994
4.9980,-0.0055,-0.0037,0.9969,0.997
5.0020,-0.0065,-0.0140,0.9827,0.983
5.0090,-0.0099,-0.0052,0.9783,0.978
5.0110,-0.0016,-0.0086,0.9788,0.979
5.0160,-0.0075,-0.0037,0.9793,0.979
5.0200,-0.0109,-0.0037,0.9783,0.978
5.0360,-0.0133,-0.0027,0.9783,0.978
5.0370,-0.0079,-0.0091,0.9847,0.985
5.0380,-0.0128,-0.0037,0.9808,0.981
5.0390,-0.0084,-0.0052,0.9876,0.988
5.0410,-0.0075,-0.0091,0.9886,0.989
5.0460,-0.0099,-0.0013,0.9910,0.991
5.0560,-0.0060,-0.0042,0.9881,0.988
5.0580,-0.0109,-0.0047,0.9861,0.986
5.0590,-0.0089,-0.0081,0.9852,0.985
5.0710,-0.0065,-0.0052,0.9808,0.981
5.0720,-0.0084,-0.0081,0.9827,0.983
5.0740,-0.0094,-0.0081,0.9783,0.978
5.0760,-0.0114,-0.0047,0.9793,0.979
5.0810,-0.0148,-0.0081,0.9842,0.984
5.0850,-0.0123,-0.0032,0.9857,0.986
5.0900,-0.0177,-0.0062,0.9861,0.986
5.0940,-0.0109,-0.0023,0.9905,0.991
5.0980,-0.0099,-0.0150,0.9896,0.990
5.1050,-0.0035,-0.0086,0.9896,0.990
5.1080,-0.0094,-0.0037,0.9842,0.984
5.1110,-0.0045,-0.0101,0.9866,0.987
5.1160,-0.0123,-0.0037,0.9813,0.981
5.1200,-0.0035,-0.0081,0.9891,0.989
5.1240,-0.0070,-0.0057,0.9822,0.982
5.1280,-0.0060,-0.0076,0.9725,0.973
5.1340,-0.0079,-0.0081,0.9744,0.974
5.1380,-0.0094,-0.0037,0.9837,0.984
5.1430,-0.0075,-0.0067,0.9866,0.987
5.1470,-0.0089,-0.0052,0.9866,0.987
5.1510,-0.0128,-0.0135,0.9852,0.985
5.1710,-0.0060,-0.0008,0.9847,0.985
5.1730,-0.0045,-0.0013,0.9876,0.988
5.1740,-0.0084,-0.0023,0.9896,0.990
5.1750,-0.0118,-0.0042,0.9842,0.984
5.1770,-0.0099,-0.0067,0.9793,0.979
5.1780,-0.0084,-0.0076,0.9900,0.990
5.1820,-0.0070,-0.0018,0.9876,0.988
5.1950,-0.0133,-0.0047,0.9788,0.979
5.1970,-0.0118,-0.0047,0.9935,0.994
5.2000,-0.0094,-0.0145,0.9881,0.988
5.2010,-0.0138,-0.0057,0.9808,0.981
5.2030,-0.0035,-0.0081,0.9861,0.986
5.2070,-0.0075,-0.0067,0.9900,0.990
5.2110,-0.0084,-0.0101,0.9813,0.981
5.2160,-0.0089,-0.0086,0.9847,0.985
5.2220,-0.0050,-0.0052,0.9842,0.984
5.2250,-0.0055,-0.0076,0.9886,0.989
5.2510,-0.0055,-0.0062,0.9773,0.977
5.2510,-0.0070,-0.0032,0.9832,0.983
5.2520,-0.0079,-0.0062,0.9773,0.977
5.2530,-0.0138,-0.0042,0.9847,0.985
5.2530,-0.0104,-0.0018,0.9803,0.980
5.2540,-0.0118,-0.0008,0.9764,0.976
5.2640,-0.0158,-0.0057,0.9764,0.977
5.2650,-0.0089,-0.0042,0.9857,0.986
5.2660,-0.0084,-0.0067,0.9778,0.978
5.2690,-0.0079,-0.0037,0.9837,0.984
5.2720,-0.0148,-0.0018,0.9857,0.986
5.2770,-0.0143,-0.0071,0.9896,0.990
5.2810,-0.0177,-0.0047,0.9930,0.993
5.2960,-0.0202,-0.0071,0.9940,0.994
5.2970,-0.0148,-0.0071,0.9910,0.991
5.3060,-0.0099,-0.0067,0.9905,0.991
5.3080,-0.0109,-0.0023,0.9896,0.990
5.3080,-0.0118,-0.0047,0.9847,0.985
5.3140,-0.0114,-0.0125,0.9876,0.988
5.3160,-0.0089,-0.0081,0.9764,0.976
5.3160,-0.0182,-0.0081,0.9808,0.981
5.3280,-0.0084,-0.0052,0.9832,0.983
5.3320,-0.0114,-0.0076,0.9808,0.981
5.3340,-0.0123,-0.0076,0.9861,0.986
5.3340,-0.0075,-0.0023,0.9847,0.985
5.3400,-0.0104,-0.0047,0.9857,0.986
5.3420,-0.0153,-0.0057,0.9891,0.989
5.3460,-0.0148,-0.0067,0.9871,0.987
5.3520,-0.0123,-0.0057,0.9827,0.983
5.3550,-0.0099,-0.0032,0.9910,0.991
5.3620,-0.0089,-0.0052,0.9857,0.986
5.3670,-0.0162,-0.0057,0.9896,0.990
5.3710,-0.0202,-0.0062,0.9813,0.981
5.3730,-0.0118,-0.0076,0.9852,0.985
5.3780,-0.0109,-0.0027,0.9837,0.984
5.3830,-0.0148,-0.0067,0.9837,0.984
5.3870,-0.0133,-0.0057,0.9881,0.988
5.3920,-0.0079,-0.0032,0.9896,0.990
5.3960,-0.0138,-0.0062,0.9808,0.981
5.4050,-0.0123,-0.0062,0.9847,0.985
5.4060,-0.0070,-0.0052,0.9759,0.976
5.4080,-0.0158,-0.0067,0.9832,0.983
5.4130,-0.0099,-0.0096,0.9773,0.977
5.4200,-0.0123,-0.0081,0.9773,0.977
5.4210,-0.0143,-0.0071,0.9759,0.976
5.4260,-0.0094,-0.0027,0.9866,0.987
5.4420,-0.0079,-0.0071,0.9886,0.989
5.4430,-0.0109,-0.0037,0.9900,0.990
5.4440,-0.0099,-0.0042,0.9788,0.979
5.4650,-0.0118,-0.0057,0.9827,0.983
5.4660,-0.0079,-0.0081,0.9827,0.983
5.4670,-0.0104,-0.0047,0.9857,0.986
5.4680,-0.0162,-0.0037,0.9822,0.982
5.4700,-0.0114,-0.0067,0.9837,0.984
5.4710,-0.0050,-0.0081,0.9910,0.991
5.4720,-0.0099,-0.0076,0.9793,0.979
5.4730,-0.0109,-0.0047,0.9876,0.988
5.4780,-0.0133,-0.0052,0.9871,0.987
5.4840,-0.0128,-0.0047,0.9837,0.984
5.4860,-0.0079,-0.0081,0.9842,0.984
5.4910,-0.0109,-0.0047,0.9910,0.991
5.4970,-0.0084,-0.0067,0.9822,0.982
5.5010,-0.0143,-0.0086,0.9847,0.985
5.5040,-0.0123,-0.0027,0.9803,0.980
5.5080,-0.0118,-0.0018,0.9769,0.977
5.5150,-0.0065,-0.0071,0.9803,0.980
5.5180,-0.0187,-0.0067,0.9861,0.986
5.5220,-0.0153,-0.0057,0.9773,0.977
5.5270,-0.0123,-0.0071,0.9940,0.994
5.5320,-0.0094,-0.0052,0.9900,0.990
5.5350,-0.0099,-0.0037,0.9866,0.987
5.5400,-0.0114,-0.0018,0.9822,0.982
5.5440,-0.0104,-0.0023,0.9832,0.983
5.5490,-0.0099,-0.0067,0.9857,0.986
5.5530,-0.0089,-0.0086,0.9822,0.982
5.5570,-0.0128,-0.0115,0.9793,0.979
5.5610,-0.0099,-0.0086,0.9813,0.981
5.5780,-0.0128,-0.0023,0.9881,0.988
5.5790,-0.0109,-0.0023,0.9827,0.983
5.5800,-0.0079,-0.0057,0.9832,0.983
5.5820,-0.0114,-0.0018,0.9764,0.976
5.5840,-0.0109,-0.0067,0.9847,0.985
5.5910,-0.0138,-0.0062,0.9773,0.977
5.5920,-0.0104,-0.0086,0.9847,0.985
5.6100,-0.0099,-0.0042,0.9857,0.986
5.6110,-0.0089,-0.0081,0.9847,0.985
5.6120,-0.0109,-0.0057,0.9842,0.984
5.6130,-0.0138,-0.0052,0.9813,0.981
5.6140,-0.0070,-0.0023,0.9837,0.984
5.6180,-0.0079,-0.0027,0.9778,0.978
5.6220,-0.0123,-0.0052,0.9832,0.983
5.6260,-0.0104,-0.0052,0.9896,0.990
5.6340,-0.0094,-0.0086,0.9783,0.978
5.6360,-0.0094,-0.0042,0.9749,0.975
5.6400,-0.0153,-0.0086,0.9764,0.977
5.6490,0.0077,-0.0189,0.6158,0.616
5.6500,-0.0070,0.0632,0.0524,0.082
5.6540,0.0751,0.0373,0.7252,0.730
5.6580,0.0478,-0.0316,1.2876,1.289
5.6660,-0.1066,-0.0521,1.3345,1.340
5.6780,-0.1482,-0.0374,1.2016,1.211
5.6790,-0.0739,-0.0194,1.1606,1.163
5.6790,-0.0402,-0.0096,1.1884,1.189
5.6800,-0.0363,-0.0111,1.1361,1.137
5.6840,-0.0319,-0.0120,1.0599,1.060
5.6880,-0.0392,-0.0091,1.0443,1.045
5.6920,-0.0289,-0.0115,1.0277,1.028
5.7030,-0.0206,-0.0150,1.0223,1.023
5.7040,-0.0265,-0.0208,1.0179,1.018
5.7130,-0.0373,-0.0164,1.0218,1.023
5.7140,-0.0363,-0.0130,1.0101,1.011
5.7150,-0.0431,-0.0101,1.0111,1.012
5.7250,-0.0490,-0.0106,1.0140,1.015
5.7250,-0.0417,-0.0155,1.0076,1.009
5.7290,-0.0324,-0.0184,1.0189,1.020
5.7310,-0.0260,-0.0145,1.0335,1.034
5.7350,-0.0231,-0.0115,1.0482,1.049
5.7400,-0.0285,-0.0135,1.0531,1.054
5.7440,-0.0221,-0.0135,1.0482,1.049
5.7480,-0.0348,-0.0125,1.0394,1.040
5.7530,-0.0426,-0.0086,1.0321,1.033
5.7570,-0.0446,-0.0057,0.9984,0.999
5.7630,-0.0319,-0.0071,0.9646,0.965
5.7660,-0.0118,-0.0013,0.9011,0.901
5.7740,-0.0079,0.0007,0.8352,0.835
5.7750,-0.0055,0.0016,0.8146,0.815
5.7800,-0.0084,-0.0032,0.8176,0.818
5.7850,-0.0011,-0.0018,0.8596,0.860
5.7880,-0.0026,-0.0076,0.9280,0.928
5.7930,-0.0079,-0.0091,0.9808,0.981
